1,The Great Leslie,805
1,Professor Fate,845
1,Maggie Dubois,865
1,Texa Jack,875
1,Baron Rolf,935
1,Mr. Frisbee,985
2,The Great Leslie,2245
2,Professor Fate,2225
2,Maggie Dubois,2285
2,Texa Jack,2240
2,Baron Rolf,2290
2,Mr. Frisbee,2270
3,The Great Leslie,3951
3,Professor Fate,4038
3,Maggie Dubois,4018
3,Texa Jack,4096
3,Baron Rolf,3912
3,Mr. Frisbee,3966
4,The Great Leslie,7562
4,Professor Fate,7583
4,Maggie Dubois,7651
4,Texa Jack,7609
4,Baron Rolf,7618
4,Mr. Frisbee,7594
